County Name,Total Consumption MMBtu,Total Expenditure US Dollars
Adams,2902621.3627933706,33257257.322055686
Benton,15397470.425218452,225379120.99111602
Clark,35643149.59480515,550313075.832588
Pierce,55151179.59449821,962737904.3333123
Asotin,1201601.810909579,21519526.57879962